,USD,EUR,GBP,JPY,CAD,AUD,CHF,CNY,INR,BRL,MXN,SGD,NZD,HKD,KRW,TRY,RUB,ZAR,SEK,NOK,DKK,PLN,THB,IDR,MYR
USD,1,0.85,0.73,110.5,1.25,1.35,0.92,6.45,74.5,5.25,20.1,1.35,1.43,7.78,1150,8.5,73,14.5,8.6,8.4,6.3,3.8,33,14500,4.2
EUR,1.176,1,0.86,130,1.47,1.59,1.08,7.59,87.65,6.18,23.65,1.59,1.68,9.15,1352.94,10,85.88,17.06,10.12,9.88,7.41,4.47,38.82,17058.82,4.94
GBP,1.37,1.163,1,151.37,1.71,1.85,1.26,8.84,102.05,7.19,27.53,1.85,1.96,10.66,1575.34,11.64,100,19.86,11.78,11.51,8.63,5.21,45.21,19863.01,5.75
JPY,0.00905,0.00769,0.00661,1,0.0113,0.0122,0.00833,0.0584,0.674,0.0475,0.182,0.0122,0.0129,0.0704,10.41,0.0769,0.661,0.131,0.0778,0.076,0.057,0.0344,0.299,131.22,0.038
CAD,0.8,0.68,0.585,88.4,1,1.08,0.736,5.16,59.6,4.2,16.08,1.08,1.14,6.22,920,6.8,58.4,11.6,6.88,6.72,5.04,3.04,26.4,11600,3.36
AUD,0.741,0.629,0.541,81.85,0.926,1,0.681,4.78,55.19,3.89,14.89,1,1.06,5.76,851.85,6.3,54.07,10.74,6.37,6.22,4.67,2.81,24.44,10740.74,3.11
CHF,1.087,0.926,0.794,120.11,1.359,1.468,1,7.01,80.98,5.71,21.85,1.468,1.55,8.46,1250,9.24,79.35,15.76,9.35,9.13,6.85,4.13,35.87,15760.87,4.57
CNY,0.155,0.132,0.113,17.13,0.194,0.209,0.143,1,11.55,0.814,3.12,0.209,0.222,1.21,178.29,1.32,11.32,2.25,1.33,1.3,0.977,0.589,5.12,2248.06,0.651
INR,0.0134,0.0114,0.0098,1.48,0.0168,0.0181,0.0123,0.0866,1,0.0705,0.27,0.0181,0.0192,0.104,15.44,0.114,0.98,0.195,0.115,0.113,0.0846,0.051,0.443,194.63,0.0564
BRL,0.19,0.162,0.139,21.05,0.238,0.257,0.175,1.23,14.19,1,3.83,0.257,0.272,1.48,219.05,1.62,13.9,2.76,1.64,1.6,1.2,0.724,6.29,2761.9,0.8
MXN,0.0498,0.0423,0.0363,5.5,0.0622,0.0672,0.0458,0.321,3.71,0.261,1,0.0672,0.0711,0.387,57.21,0.423,3.63,0.721,0.428,0.418,0.313,0.189,1.64,721.39,0.209
SGD,0.741,0.629,0.541,81.85,0.926,1,0.681,4.78,55.19,3.89,14.89,1,1.06,5.76,851.85,6.3,54.07,10.74,6.37,6.22,4.67,2.81,24.44,10740.74,3.11
NZD,0.699,0.595,0.511,77.27,0.877,0.943,0.645,4.51,52.1,3.67,14.06,0.943,1,5.44,804.2,5.94,51.05,10.14,6.01,5.87,4.41,2.66,23.06,10139.86,2.94
HKD,0.128,0.109,0.0938,14.2,0.161,0.174,0.118,0.828,9.57,0.674,2.58,0.174,0.184,1,147.8,1.09,9.38,1.86,1.11,1.08,0.81,0.488,4.24,1863.75,0.54
KRW,0.00087,0.000739,0.000635,0.0961,0.00109,0.00117,0.0008,0.00561,0.0648,0.00457,0.0175,0.00117,0.00124,0.00677,1,0.00739,0.0635,0.0126,0.00748,0.0073,0.00548,0.0033,0.0287,12.61,0.00365
TRY,0.118,0.1,0.0859,13,0.147,0.159,0.108,0.758,8.76,0.617,2.36,0.159,0.168,0.917,135.29,1,8.59,1.71,1.01,0.988,0.741,0.447,3.88,1705.88,0.494
RUB,0.0137,0.0116,0.01,1.51,0.0171,0.0185,0.0126,0.0884,1.02,0.0719,0.275,0.0185,0.0196,0.107,15.75,0.116,1,0.199,0.118,0.115,0.0863,0.0521,0.452,198.63,0.0575
ZAR,0.069,0.0586,0.0503,7.62,0.0862,0.0931,0.0635,0.444,5.14,0.362,1.39,0.0931,0.0986,0.538,79.31,0.585,5.03,1,0.593,0.579,0.435,0.262,2.28,1000,0.29
SEK,0.116,0.0988,0.0849,12.85,0.145,0.157,0.107,0.75,8.66,0.61,2.34,0.157,0.166,0.905,133.72,0.99,8.47,1.69,1,0.977,0.733,0.442,3.84,1686.05,0.488
NOK,0.119,0.101,0.0869,13.15,0.149,0.161,0.11,0.768,8.87,0.625,2.39,0.161,0.17,0.927,136.9,1.01,8.68,1.73,1.02,1,0.75,0.452,3.93,1726.19,0.5
DKK,0.159,0.135,0.116,17.54,0.198,0.214,0.146,1.02,11.8,0.833,3.19,0.214,0.227,1.24,182.54,1.35,11.59,2.3,1.36,1.33,1,0.603,5.24,2301.59,0.667
PLN,0.263,0.224,0.192,29.08,0.329,0.355,0.242,1.7,19.61,1.38,5.29,0.355,0.376,2.05,302.63,2.24,19.21,3.82,2.26,2.21,1.66,1,8.68,3815.79,1.11
THB,0.0303,0.0258,0.0221,3.35,0.0379,0.0409,0.0279,0.195,2.26,0.159,0.609,0.0409,0.0433,0.236,34.85,0.258,2.21,0.439,0.26,0.254,0.191,0.115,1,439.39,0.127
IDR,0.000069,0.0000586,0.0000503,0.00762,0.0000862,0.0000931,0.0000635,0.000445,0.00514,0.000362,0.00139,0.0000931,0.0000986,0.000537,0.0793,0.000586,0.00503,0.001,0.000593,0.000579,0.000434,0.000262,0.00228,1,0.00029
MYR,0.238,0.202,0.174,26.31,0.298,0.321,0.219,1.54,17.74,1.25,4.79,0.321,0.34,1.85,273.81,2.02,17.38,3.45,2.05,2,1.5,0.901,7.83,3448.28,1