,USD,EUR,GBP,JPY,CAD,AUD,CHF,CNY,INR,BRL,MXN,SGD,NZD,HKD,KRW,TRY,RUB,ZAR,SEK,NOK
USD,1.0,0.8366731425414162,0.7461354473829904,110.0647713057196,1.258713555914647,1.31703560964045,0.9472572103982456,6.527106451089103,74.69652332191313,5.60330232079503,20.22799225213927,1.3870264638557726,1.4077813080940167,8.000471408275514,1125.9612129605848,8.987022923054134,71.81962247183117,14.379511883508671,8.642346935265262,8.478464671899577
EUR,1.1953188712565066,1.0,0.8903085971602257,130.93650066076978,1.5002195484276606,1.5753647343260222,1.1282115550750582,7.731746516290057,89.47443696861714,6.644424475942088,23.99530225459065,1.6488609367825247,1.6760425055981134,9.590065481382927,1346.8073626468215,10.801168042192375,85.73976003840512,17.163605005524776,10.253562096773758,10.162597838887692
GBP,1.348837593395523,1.1285260773521881,1.0,146.8372438722231,1.698588312110082,1.7770464770896255,1.2710694344616529,8.731761388939972,100.96448519364827,7.500600244039501,27.2109579724409,1.8698924641778707,1.8832473509186554,10.802707451326258,1507.3630016548607,12.167042842630856,97.0732180864451,19.281119772646864,11.631338781528465,11.432510576893847
JPY,0.009138745102445564,0.0076368579734924745,0.00679684039319983,1.0,0.011490155983430025,0.011996770498109016,0.008606423614752676,0.059504747038379296,0.6805732407262336,0.05100201600717176,0.18390526171995777,0.012681654473288478,0.01278233727191962,0.07323442422081033,10.220607878075116,0.0826733253291794,0.6585718227344428,0.13127091956255688,0.07893963062809478,0.0774096140291186
CAD,0.7954330494377568,0.662375255486248,0.5895261190833048,86.7098944935143,1.0,1.0502035194066857,0.7499255986578277,5.144979273569944,59.63451504408139,4.419371773014738,16.020861119812654,1.1047435702628692,1.1097682950659224,6.3611846442827105,890.2038226862487,7.144407341018655,56.936252235567764,11.39644093878012,6.803549572262784,6.713014857871653
AUD,0.7612347868198673,0.6359704683180936,0.560974281163258,82.67079417364799,0.9532750839262291,1.0,0.7158757961632625,4.927759488305037,56.69266412310955,4.222079022832059,15.255452044488218,1.0515687461360705,1.0650053638372212,6.066420164357397,855.734716863132,6.835551764227719,54.54113620700686,10.86532344035182,6.501026494881273,6.430405721923084
CHF,1.0512753937104593,0.8875487003868721,0.7849608827451302,115.34426385318712,1.32620355653295,1.3945594041132783,1.0,6.853885834336687,78.76697002856483,5.872449075952579,21.359196859247305,1.459013936776022,1.475499071819342,8.481296926773444,1184.7125102390676,9.528821699558712,75.59964659689955,15.230794085994946,9.073047029957507,8.949793373224384
CNY,0.15294405290537388,0.12890143056755868,0.11475753981052184,16.793880470250055,0.19325669468986578,0.20244806089280773,0.1455398901873253,1.0,11.525252686953852,0.8543909696780542,3.0978718033512362,0.21187305872549334,0.21548754311880416,1.233619629505741,173.37195307957714,1.3847631598397256,11.069104217637218,2.2020313353253798,1.318159287865691,1.3106715171739463
INR,0.01338558965089193,0.011184385842370387,0.009940951594682538,1.4658168249341812,0.016803797255306188,0.01756260277742408,0.012677183759244292,0.08718867191928971,1.0,0.07459037873892856,0.2700076599477593,0.018422854930159892,0.01869129807897304,0.10668319145116642,15.006259219834469,0.12022185726405633,0.9597484481520079,0.1926160922954642,0.11478576635428084,0.11322588432338823
BRL,0.17895583666786397,0.14996258643573573,0.13279049749210792,19.6366930985279,0.22593224257027245,0.23535541150538022,0.16883295864304412,1.1689599801980306,13.381507007137323,1.0,3.627728236564794,0.24806533301124903,0.2503473902309583,1.4353194785066954,201.28773082422722,1.6100162291013709,12.914478489256675,2.5614827884018676,1.5364806005822391,1.522558624086143
MXN,0.04925187122804944,0.04153540037247533,0.03668299320651099,5.410695960876333,0.06221868544565283,0.06520649914312682,0.047081713269861894,0.32284410510182077,3.7146115123119166,0.2758917431230301,1.0,0.06859948282323233,0.06934419822766091,0.397819654521356,55.65306423719214,0.44684928267400265,3.573487343955689,0.7072614229067353,0.42793283679009003,0.41956796230025034
SGD,0.7218537168547945,0.602016483935287,0.5344419905467604,78.79044741953665,0.9079736638420254,0.9521789159767123,0.6859498020000526,4.703747367658153,54.150540454190974,4.047922260036379,14.574785557279993,1.0,1.0072485240698217,5.800542112695224,808.4108726721325,6.535962965489589,51.63210595844884,10.368648395890995,6.229501723419053,6.103581223137485
NZD,0.7102359813490599,0.5958922912756616,0.532778120405959,78.31896312915269,0.9038227629268392,0.9420197420880597,0.6789085974263052,4.65434734957587,53.417154783337374,3.9982782787458913,14.410605710186084,0.9851153470174401,1.0,5.715679576786156,802.4012509829134,6.440029060602283,51.129834014515,10.296239884402402,6.144537269328727,6.037055246224841
HKD,0.12519437584369456,0.10496718150538403,0.09279891013391486,13.721262766466232,0.15784170455732122,0.16427729279931427,0.11879711287637158,0.8099676139693132,9.343057821764663,0.6986971204070068,2.5338383602076378,0.17313625895913884,0.1756893072689769,1.0,139.89169604587565,1.1267967578570077,8.981600950250277,1.7890374542208607,1.078181677188769,1.065890409235367
KRW,0.000892809518410433,0.0007442684944721552,0.0006590994722542007,0.09790373204461576,0.001124500309665745,0.0011768534963020217,0.0008459849808326424,0.005775409586978679,0.06668066395600152,0.004993279735621149,0.017986249898327273,0.0012358714914347028,0.0012398790929856536,0.007141700521075502,1.0,0.008008329044740177,0.06422406154711706,0.012777603533361106,0.0076444469183632605,0.00758307088664366
TRY,0.11069632445574504,0.09297571004859073,0.08214576202853839,12.16392251143212,0.13932127581043394,0.14686179385101356,0.10507790712859784,0.7221263760418615,8.264619806129339,0.6191342672358526,2.231609655381343,0.15389187008517852,0.15605253793703786,0.8919004074437974,124.91238198059914,1.0,7.987782968907344,1.5955160604295016,0.9546213779231275,0.9450665714221799
RUB,0.013859037847912108,0.011688869102707833,0.010348190444227625,1.521855929452272,0.017593950139554657,0.01834240232550938,0.01322757068861677,0.09054720604892223,1.0461203489845547,0.07765227103670623,0.2797746865767339,0.01919538196464294,0.019459703830663446,0.11184758967864344,15.705969198139302,0.12515147223918807,1.0,0.19907950528264334,0.11930936257012677,0.11841293255480632
ZAR,0.06949447533818352,0.05828642514309173,0.05160870093268782,7.617255539405596,0.0879367491767278,0.09193607165497514,0.06577972502298988,0.45324155943250516,5.194353209730128,0.38876099740647907,1.4016038527216115,0.09604162055751624,0.09781469124838833,0.5590503130288691,78.62539103096294,0.6274384009291912,5.016110317812885,1.0,0.5988018496594222,0.5924471974888358
SEK,0.11548801210495763,0.09692505221137145,0.08584849239967529,12.758223374702565,0.14645620810034363,0.15362984139282304,0.1098522079365414,0.7577221007063969,8.718573982679334,0.6480887836812054,2.356782856586981,0.16069132438104913,0.16320472286366638,0.9312628862008322,130.69562910934772,1.0443715175887938,8.381009123067976,1.6637352576459898,1.0,0.9888578795416619
NOK,0.11819868770322753,0.0982962681653809,0.08705808734874237,12.941752041416246,0.14774570919058633,0.15542636219511397,0.11135095349867662,0.7628934243860135,8.819311736776354,0.655885060530608,2.3831665757672162,0.16325297128565627,0.16538276241588568,0.946171430084426,132.92242433602505,1.0627122099171082,8.432839002392619,1.6833343721941478,1.0152254241513332,1.0
